{"cameraMode":{"drawMode":0,"name":"Shaded","section":"Shading Mode"},"sceneLighting":true,"audioPlay":false,"sceneViewState":{"showFog":true,"showMaterialUpdate":false,"showSkybox":true,"showFlares":true,"showImageEffects":true,"showParticleSystems":true},"in2DMode":false,"pivot":{"x":3.030677556991577,"y":-3.9672350883483888,"z":8.35470199584961},"rotation":{"x":0.2272026687860489,"y":0.1942080408334732,"z":-0.04629312828183174,"w":0.9531643390655518},"size":9.218232154846192,"orthographic":false}